guest48251,uizpbuwy
guest48252,ruceemet
guest48253,dkasoxev
guest48254,vraqpagk
guest48255,lcglsdgf
guest48256,kcabnlag
guest48257,moyutwcp
guest48258,azfrucjc
guest48259,xipxpkzn
guest48260,matbjfci
guest48261,gykjxial
guest48262,clcnfpih
guest48263,kqydwaty
guest48264,prwdbexh
guest48265,yparkjoz
guest48266,uslvahuw
guest48267,qrfffwhw
guest48268,qgmzmxsb
guest48269,bcfqywhe
guest48270,ijywhovg
guest48271,jbihafep
guest48272,wmrxhhav
guest48273,vqlyebbz
guest48274,bdcnkcda
guest48275,hugncwqx
guest48276,pwnfeiae
guest48277,ajvmqxgk
guest48278,elvlhhpd
guest48279,hxkjdrsk
guest48280,nzdijcdb